{"cameraMode":{"drawMode":0,"name":"Shaded","section":"Shading Mode"},"sceneLighting":true,"audioPlay":false,"sceneViewState":{"m_AlwaysRefresh":false,"showFog":true,"showSkybox":true,"showFlares":true,"showImageEffects":true,"showParticleSystems":true,"showVisualEffectGraphs":true,"m_FxEnabled":true},"in2DMode":false,"pivot":{"x":0.5930376052856445,"y":11.43661880493164,"z":21.99057960510254},"rotation":{"x":-0.00004798544978257269,"y":0.9999486804008484,"z":0.010190149769186974,"w":0.004800382535904646},"size":4.258084297180176,"orthographic":false}